username,email,dtime
username,email,dtime
username,email,dtime
username,email,dtime
username,email,dtime
username,email,dtime
username,email,dtime
username,email,dtime
username,email,dtime
username,email,dtime
username,email,dtime
username,email,dtime
username,email,dtime
username,email,dtime
username,email,dtime
username,email,dtime
username,email,dtime
username,email,dtime
username,email,dtime
username,email,dtime
username,email,dtime
username,email,dtime
username,email,dtime
username,email,dtime
username,email,dtime
username,email,dtime
username,email,dtime
username,email,dtime
username,email,dtime
username,email,dtime
username,email,dtime
username,email,dtime
username,email,dtime
username,email,dtime
username,email,dtime
username,email,dtime
username,email,dtime
username,email,dtime
username,email,dtime
username,email,dtime
username,email,dtime
username,email,dtime
username,email,dtime
username,email,dtime
username,email,dtime
username,email,dtime
username,email,dtime
username,email,dtime
username,email,dtime
username,email,dtime
username,email,dtime
username,email,dtime
username,email,dtime
username,email,dtime
username,email,dtime
username,email,dtime
username,email,dtime
username,email,dtime
username,email,dtime
username,email,dtime
username,email,dtime
username,email,dtime
username,email,dtime
username,email,dtime
username,email,dtime
username,email,dtime
username,email,dtime
username,email,dtime
username,email,dtime
username,email,dtime
username,email,dtime
username,email,dtime
username,email,dtime
username,email,dtime
username,email,dtime
username,email,dtime
username,email,dtime
username,email,dtime
username,email,dtime
username,email,dtime
username,email,dtime
username,email,dtime
username,email,dtime
username,email,dtime
username,email,dtime
username,email,dtime
username,email,dtime
username,email,dtime
username,email,dtime
username,email,dtime
username,email,dtime
username,email,dtime
username,email,dtime
username,email,dtime
username,email,dtime
username,email,dtime
username,email,dtime
username,email,dtime
username,email,dtime
username,email,dtime
username,email,dtime
username,email,dtime
username,email,dtime
username,email,dtime
username,email,dtime
username,email,dtime
username,email,dtime
username,email,dtime
username,email,dtime
username,email,dtime
username,email,dtime
username,email,dtime
username,email,dtime
username,email,dtime
username,email,dtime
username,email,dtime
username,email,dtime
username,email,dtime
username,email,dtime
username,email,dtime
username,email,dtime
username,email,dtime
username,email,dtime
username,email,dtime
username,email,dtime
username,email,dtime
username,email,dtime
username,email,dtime
username,email,dtime
username,email,dtime
username,email,dtime
username,email,dtime
username,email,dtime
username,email,dtime
username,email,dtime
username,email,dtime
username,email,dtime
username,email,dtime
username,email,dtime
username,email,dtime
username,email,dtime
username,email,dtime
username,email,dtime
username,email,dtime
username,email,dtime
username,email,dtime
username,email,dtime
username,email,dtime
username,email,dtime
username,email,dtime
username,email,dtime
username,email,dtime
username,email,dtime
username,email,dtime
username,email,dtime
username,email,dtime
username,email,dtime
username,email,dtime
username,email,dtime
username,email,dtime
username,email,dtime
username,email,dtime
username,email,dtime
username,email,dtime
username,email,dtime
username,email,dtime
username,email,dtime
username,email,dtime
username,email,dtime
username,email,dtime
username,email,dtime
username,email,dtime
username,email,dtime
username,email,dtime
username,email,dtime
username,email,dtime
username,email,dtime
username,email,dtime
username,email,dtime
username,email,dtime
username,email,dtime
username,email,dtime
username,email,dtime
username,email,dtime
username,email,dtime
username,email,dtime
username,email,dtime
username,email,dtime
username,email,dtime
username,email,dtime
username,email,dtime
username,email,dtime
username,email,dtime
username,email,dtime
username,email,dtime
username,email,dtime
username,email,dtime
username,email,dtime
username,email,dtime
username,email,dtime
username,email,dtime
username,email,dtime
username,email,dtime
username,email,dtime
username,email,dtime
username,email,dtime
username,email,dtime
username,email,dtime
username,email,dtime
username,email,dtime
username,email,dtime
username,email,dtime
username,email,dtime
username,email,dtime
username,email,dtime
username,email,dtime
username,email,dtime
username,email,dtime
username,email,dtime
username,email,dtime
username,email,dtime
username,email,dtime
username,email,dtime
username,email,dtime
username,email,dtime
username,email,dtime
username,email,dtime
username,email,dtime
username,email,dtime
username,email,dtime
username,email,dtime
username,email,dtime
username,email,dtime
username,email,dtime
username,email,dtime
username,email,dtime
username,email,dtime
username,email,dtime
username,email,dtime
username,email,dtime
username,email,dtime
username,email,dtime
username,email,dtime
username,email,dtime
username,email,dtime
username,email,dtime
username,email,dtime
username,email,dtime
username,email,dtime
username,email,dtime
username,email,dtime
username,email,dtime
username,email,dtime
username,email,dtime
username,email,dtime
username,email,dtime
username,email,dtime
username,email,dtime
username,email,dtime
username,email,dtime
username,email,dtime
username,email,dtime
username,email,dtime
username,email,dtime
username,email,dtime
username,email,dtime
username,email,dtime
username,email,dtime
username,email,dtime
username,email,dtime
username,email,dtime
username,email,dtime
username,email,dtime
username,email,dtime
username,email,dtime
username,email,dtime
username,email,dtime
username,email,dtime
username,email,dtime
username,email,dtime
username,email,dtime
username,email,dtime
username,email,dtime
username,email,dtime
username,email,dtime
username,email,dtime
username,email,dtime
username,email,dtime
username,email,dtime
username,email,dtime
username,email,dtime
username,email,dtime
username,email,dtime
username,email,dtime
username,email,dtime
username,email,dtime
username,email,dtime
username,email,dtime
username,email,dtime
username,email,dtime
username,email,dtime
username,email,dtime
username,email,dtime
username,email,dtime
username,email,dtime
username,email,dtime
username,email,dtime
username,email,dtime
username,email,dtime
username,email,dtime
username,email,dtime
username,email,dtime
username,email,dtime
username,email,dtime
username,email,dtime
username,email,dtime
username,email,dtime
username,email,dtime
username,email,dtime
username,email,dtime
username,email,dtime
username,email,dtime
username,email,dtime
username,email,dtime
username,email,dtime
username,email,dtime
username,email,dtime
username,email,dtime
username,email,dtime
username,email,dtime
username,email,dtime
username,email,dtime
username,email,dtime
username,email,dtime
username,email,dtime
username,email,dtime
username,email,dtime
username,email,dtime
username,email,dtime
username,email,dtime
username,email,dtime
username,email,dtime
username,email,dtime
username,email,dtime
username,email,dtime
username,email,dtime
username,email,dtime
username,email,dtime
username,email,dtime
username,email,dtime
username,email,dtime
username,email,dtime
username,email,dtime
username,email,dtime
username,email,dtime
username,email,dtime
username,email,dtime
username,email,dtime
username,email,dtime
username,email,dtime
username,email,dtime
username,email,dtime
username,email,dtime
username,email,dtime
username,email,dtime
username,email,dtime
username,email,dtime
username,email,dtime
username,email,dtime
username,email,dtime
username,email,dtime
username,email,dtime
username,email,dtime
username,email,dtime
username,email,dtime
username,email,dtime
username,email,dtime
username,email,dtime
username,email,dtime
username,email,dtime
username,email,dtime
username,email,dtime
username,email,dtime
username,email,dtime
username,email,dtime
username,email,dtime
username,email,dtime
username,email,dtime
username,email,dtime
username,email,dtime
username,email,dtime
username,email,dtime
username,email,dtime
username,email,dtime
username,email,dtime
username,email,dtime
username,email,dtime
username,email,dtime
username,email,dtime
username,email,dtime
username,email,dtime
username,email,dtime
username,email,dtime
username,email,dtime
username,email,dtime
username,email,dtime
username,email,dtime
username,email,dtime
username,email,dtime
username,email,dtime
username,email,dtime
username,email,dtime
username,email,dtime
username,email,dtime
username,email,dtime
username,email,dtime
username,email,dtime
username,email,dtime
username,email,dtime
username,email,dtime
username,email,dtime
username,email,dtime
username,email,dtime
username,email,dtime
username,email,dtime
username,email,dtime
username,email,dtime
username,email,dtime
username,email,dtime
username,email,dtime
username,email,dtime
username,email,dtime
username,email,dtime
username,email,dtime
username,email,dtime
username,email,dtime
username,email,dtime
username,email,dtime
username,email,dtime
username,email,dtime
username,email,dtime
username,email,dtime
username,email,dtime
username,email,dtime
username,email,dtime
username,email,dtime
username,email,dtime
username,email,dtime
username,email,dtime
username,email,dtime
username,email,dtime
username,email,dtime
username,email,dtime
username,email,dtime
username,email,dtime
username,email,dtime
username,email,dtime
username,email,dtime
username,email,dtime
username,email,dtime
username,email,dtime
username,email,dtime
username,email,dtime
username,email,dtime
username,email,dtime
username,email,dtime
username,email,dtime
username,email,dtime
username,email,dtime
username,email,dtime
username,email,dtime
username,email,dtime
username,email,dtime
username,email,dtime
username,email,dtime
username,email,dtime
username,email,dtime
username,email,dtime
username,email,dtime
username,email,dtime
username,email,dtime
username,email,dtime
username,email,dtime
username,email,dtime
username,email,dtime
username,email,dtime
username,email,dtime
username,email,dtime
username,email,dtime
username,email,dtime
username,email,dtime
username,email,dtime
username,email,dtime
username,email,dtime
username,email,dtime
username,email,dtime
username,email,dtime
username,email,dtime
username,email,dtime
username,email,dtime
username,email,dtime
username,email,dtime
username,email,dtime
username,email,dtime
username,email,dtime
username,email,dtime
username,email,dtime
username,email,dtime
username,email,dtime
username,email,dtime
username,email,dtime
username,email,dtime
username,email,dtime
username,email,dtime
username,email,dtime
username,email,dtime
username,email,dtime
username,email,dtime
username,email,dtime
username,email,dtime
username,email,dtime
username,email,dtime
username,email,dtime
username,email,dtime
username,email,dtime
username,email,dtime
username,email,dtime
username,email,dtime
username,email,dtime
username,email,dtime
username,email,dtime
username,email,dtime
username,email,dtime
username,email,dtime
username,email,dtime
username,email,dtime
username,email,dtime
username,email,dtime
username,email,dtime
username,email,dtime
username,email,dtime
username,email,dtime
username,email,dtime
username,email,dtime
username,email,dtime
username,email,dtime
username,email,dtime
username,email,dtime
username,email,dtime
username,email,dtime
username,email,dtime
username,email,dtime
username,email,dtime
username,email,dtime
username,email,dtime
username,email,dtime
username,email,dtime
username,email,dtime
username,email,dtime
username,email,dtime
username,email,dtime
username,email,dtime
username,email,dtime
username,email,dtime
username,email,dtime
username,email,dtime
username,email,dtime
username,email,dtime
username,email,dtime
username,email,dtime
username,email,dtime
username,email,dtime
username,email,dtime
username,email,dtime
username,email,dtime
username,email,dtime
username,email,dtime
username,email,dtime
username,email,dtime
username,email,dtime
username,email,dtime
username,email,dtime
username,email,dtime
username,email,dtime
username,email,dtime
username,email,dtime
username,email,dtime
username,email,dtime
username,email,dtime
username,email,dtime
username,email,dtime
username,email,dtime
username,email,dtime
username,email,dtime
username,email,dtime
username,email,dtime
username,email,dtime
username,email,dtime
username,email,dtime
username,email,dtime
username,email,dtime
username,email,dtime
username,email,dtime
username,email,dtime
username,email,dtime
username,email,dtime
username,email,dtime
username,email,dtime
username,email,dtime
username,email,dtime
username,email,dtime
username,email,dtime
username,email,dtime
username,email,dtime
username,email,dtime
username,email,dtime
username,email,dtime
username,email,dtime
username,email,dtime
username,email,dtime
username,email,dtime
username,email,dtime
username,email,dtime
username,email,dtime
username,email,dtime
username,email,dtime
username,email,dtime
username,email,dtime
username,email,dtime
username,email,dtime
username,email,dtime
username,email,dtime
username,email,dtime
username,email,dtime
username,email,dtime
username,email,dtime
username,email,dtime
username,email,dtime
username,email,dtime
username,email,dtime
username,email,dtime
username,email,dtime
username,email,dtime
username,email,dtime
username,email,dtime
username,email,dtime
username,email,dtime
username,email,dtime
username,email,dtime
username,email,dtime
username,email,dtime
username,email,dtime
username,email,dtime
username,email,dtime
username,email,dtime
username,email,dtime
username,email,dtime
username,email,dtime
username,email,dtime
username,email,dtime
username,email,dtime
username,email,dtime
username,email,dtime
username,email,dtime
username,email,dtime
username,email,dtime
username,email,dtime
username,email,dtime
username,email,dtime
username,email,dtime
username,email,dtime
username,email,dtime
username,email,dtime
username,email,dtime
username,email,dtime
username,email,dtime
username,email,dtime
username,email,dtime
username,email,dtime
username,email,dtime
username,email,dtime
username,email,dtime
username,email,dtime
username,email,dtime
username,email,dtime
username,email,dtime
username,email,dtime
username,email,dtime
username,email,dtime
username,email,dtime
username,email,dtime
username,email,dtime
username,email,dtime
username,email,dtime
username,email,dtime
username,email,dtime
username,email,dtime
username,email,dtime
username,email,dtime
username,email,dtime
username,email,dtime
username,email,dtime
username,email,dtime
username,email,dtime
username,email,dtime
username,email,dtime
username,email,dtime
username,email,dtime
username,email,dtime
username,email,dtime
username,email,dtime
username,email,dtime
username,email,dtime
username,email,dtime
username,email,dtime
username,email,dtime
username,email,dtime
username,email,dtime
username,email,dtime
username,email,dtime
username,email,dtime
username,email,dtime
username,email,dtime
username,email,dtime
username,email,dtime
username,email,dtime
username,email,dtime
username,email,dtime
username,email,dtime
username,email,dtime
username,email,dtime
username,email,dtime
username,email,dtime
username,email,dtime
username,email,dtime
username,email,dtime
username,email,dtime
username,email,dtime
username,email,dtime
username,email,dtime
username,email,dtime
username,email,dtime
username,email,dtime
username,email,dtime
username,email,dtime
username,email,dtime
username,email,dtime
username,email,dtime
username,email,dtime
username,email,dtime
username,email,dtime
username,email,dtime
username,email,dtime
username,email,dtime
username,email,dtime
username,email,dtime
username,email,dtime
username,email,dtime
username,email,dtime
username,email,dtime
username,email,dtime
username,email,dtime
username,email,dtime
username,email,dtime
username,email,dtime
username,email,dtime
username,email,dtime
username,email,dtime
username,email,dtime
username,email,dtime
username,email,dtime
username,email,dtime
username,email,dtime
username,email,dtime
username,email,dtime
username,email,dtime
username,email,dtime
username,email,dtime
username,email,dtime
username,email,dtime
username,email,dtime
username,email,dtime
username,email,dtime
username,email,dtime
username,email,dtime
username,email,dtime
username,email,dtime
username,email,dtime
username,email,dtime
username,email,dtime
username,email,dtime
username,email,dtime
username,email,dtime
